source_language,target_language,weight
est,fre,146
est,ita,134
est,jpn,60
est,lit,88
fre,ita,434
fre,jpn,128
fre,lit,137
ita,jpn,124
ita,lit,134
jpn,lit,59
kor,spa,71
dut,eng,328
dut,fre,381
dut,rum,107
eng,fre,430
eng,rum,114
fre,rum,124
gsw,nds,1
cze,dut,283
cze,fre,317
cze,jpn,114
cze,por,149
cze,tur,162
dut,jpn,108
dut,por,169
dut,tur,182
fre,por,182
fre,tur,202
jpn,por,72
jpn,tur,78
por,tur,110
ara,ger,35
cze,est,132
cze,eng,272
cze,heb,83
cze,ita,298
cze,spa,317
eng,heb,109
eng,ita,361
eng,spa,370
heb,ita,110
heb,spa,109
ita,spa,382
cat,cze,89
cat,dut,104
cat,eng,113
cat,fin,66
cat,fre,126
cat,heb,52
cat,hun,86
cat,kor,32
cat,nor,80
cat,swe,82
cze,fin,113
cze,hun,212
cze,kor,70
cze,nor,135
cze,swe,152
dut,fin,130
dut,heb,101
dut,hun,206
dut,kor,70
dut,nor,153
dut,swe,181
eng,fin,126
eng,hun,209
eng,kor,66
eng,nor,161
eng,swe,193
fin,fre,141
fin,heb,60
fin,hun,106
fin,kor,39
fin,nor,96
fin,swe,106
fre,heb,115
fre,hun,233
fre,kor,72
fre,nor,174
fre,swe,211
heb,hun,75
heb,kor,33
heb,nor,76
heb,swe,82
hun,kor,52
hun,nor,116
hun,swe,125
kor,nor,47
kor,swe,47
nor,swe,129
bul,cze,183
bul,dut,171
bul,eng,176
bul,fre,196
bul,ger,74
bul,gre,95
bul,hun,143
bul,ita,181
bul,jpn,74
bul,kor,46
bul,pol,156
bul,rus,148
bul,slv,109
bul,spa,197
cze,ger,85
cze,gre,139
cze,pol,262
cze,rus,219
cze,slv,139
dut,ger,76
dut,gre,155
dut,ita,343
dut,pol,263
dut,rus,203
dut,slv,141
dut,spa,345
eng,ger,116
eng,gre,158
eng,jpn,114
eng,pol,251
eng,rus,207
eng,slv,160
fre,ger,126
fre,gre,180
fre,pol,303
fre,rus,236
fre,slv,167
fre,spa,443
ger,gre,53
ger,hun,67
ger,ita,96
ger,jpn,42
ger,kor,28
ger,pol,85
ger,rus,70
ger,slv,56
ger,spa,105
gre,hun,111
gre,ita,162
gre,jpn,81
gre,kor,48
gre,pol,140
gre,rus,108
gre,slv,87
gre,spa,174
hun,ita,212
hun,jpn,76
hun,pol,196
hun,rus,158
hun,slv,112
hun,spa,217
ita,kor,82
ita,pol,275
ita,rus,228
ita,slv,158
jpn,kor,41
jpn,pol,101
jpn,rus,98
jpn,slv,69
jpn,spa,123
kor,pol,67
kor,rus,58
kor,slv,43
pol,rus,208
pol,slv,132
pol,spa,288
rus,slv,114
rus,spa,234
slv,spa,160
cze,slo,137
dut,slo,105
eng,slo,101
fre,slo,114
gre,nor,104
gre,slo,69
hun,slo,97
ita,nor,163
ita,slo,110
nor,pol,133
nor,slo,67
nor,spa,169
pol,slo,105
slo,spa,115
rum,tur,83
bul,est,95
eng,est,124
est,spa,137
dut,est,130
alb,cat,34
alb,chi,30
alb,cze,43
alb,dut,45
alb,eng,43
alb,fre,49
alb,glg,12
alb,ita,47
alb,per,20
alb,pol,40
alb,por,38
alb,spa,45
alb,tur,36
cat,chi,54
cat,glg,22
cat,ita,107
cat,per,30
cat,pol,90
cat,por,81
cat,spa,134
cat,tur,82
chi,cze,118
chi,dut,125
chi,eng,118
chi,fre,135
chi,glg,17
chi,ita,135
chi,per,30
chi,pol,108
chi,por,86
chi,spa,134
chi,tur,93
cze,glg,25
cze,per,38
dut,glg,26
dut,per,40
eng,glg,25
eng,per,43
eng,por,176
eng,tur,183
fre,glg,25
fre,per,44
glg,ita,27
glg,per,15
glg,pol,23
glg,por,22
glg,spa,26
glg,tur,21
ita,per,43
ita,por,177
ita,tur,196
per,pol,39
per,por,35
per,spa,43
per,tur,32
pol,por,140
pol,tur,165
por,spa,184
spa,tur,193
rus,slo,82
rus,tur,143
slo,tur,79
ita,rum,121
rum,rus,92
rum,slv,65
chi,heb,55
chi,kaz,1
cze,kaz,1
dut,kaz,1
fre,kaz,1
heb,kaz,1
ita,kaz,1
cat,gre,78
cat,jpn,52
cat,lit,59
cat,rum,58
cat,rus,77
cat,slo,51
cat,srp,76
chi,gre,74
chi,hun,95
chi,jpn,57
chi,kor,49
chi,lit,73
chi,nor,72
chi,rum,63
chi,rus,99
chi,slo,57
chi,srp,75
cze,lit,139
cze,rum,120
cze,srp,143
eng,lit,120
eng,srp,156
fre,srp,170
gre,lit,76
gre,por,116
gre,rum,70
gre,srp,97
gre,tur,116
hun,lit,104
hun,por,122
hun,rum,103
hun,srp,122
hun,tur,124
ita,srp,160
jpn,nor,68
jpn,rum,50
jpn,slo,50
jpn,srp,68
kor,lit,43
kor,por,50
kor,rum,43
kor,slo,39
kor,srp,45
kor,tur,61
lit,nor,85
lit,pol,125
lit,por,86
lit,rum,68
lit,rus,116
lit,slo,69
lit,spa,142
lit,srp,86
lit,tur,89
nor,por,111
nor,rum,80
nor,rus,113
nor,srp,106
nor,tur,102
pol,rum,109
pol,srp,136
por,rum,84
por,rus,125
por,slo,75
por,srp,106
rum,slo,65
rum,spa,127
rum,srp,79
rus,srp,112
slo,srp,74
spa,srp,165
srp,tur,106
gre,heb,67
lav,lit,81
bul,cat,74
bul,dan,107
bul,lav,78
bul,por,114
bul,swe,111
bul,tur,119
cat,dan,80
cat,lav,43
cat,slv,69
cze,dan,140
cze,lav,112
dan,dut,184
dan,eng,185
dan,fre,195
dan,gre,105
dan,hun,125
dan,ita,184
dan,jpn,75
dan,lav,68
dan,pol,143
dan,por,117
dan,rus,111
dan,slv,97
dan,spa,179
dan,swe,134
dan,tur,116
dut,lav,108
eng,lav,93
fre,lav,113
gre,lav,55
gre,swe,114
hun,lav,91
ita,lav,111
ita,swe,192
jpn,lav,44
jpn,swe,72
lav,pol,103
lav,por,67
lav,rus,89
lav,slv,64
lav,spa,107
lav,swe,66
lav,tur,71
pol,swe,147
por,slv,95
por,swe,121
rus,swe,122
slv,swe,92
slv,tur,101
spa,swe,196
swe,tur,121
fin,slv,79
ger,heb,47
ger,nor,58
ger,per,29
heb,per,25
heb,pol,86
heb,rus,70
heb,slv,66
nor,per,36
nor,slv,98
per,rus,34
per,slv,30
lav,slo,56
slo,slv,64
ara,arm,9
ara,baq,17
ara,bul,42
ara,cat,31
ara,chi,33
ara,cze,45
ara,dan,39
ara,dut,56
ara,eng,55
ara,fre,58
ara,gre,41
ara,heb,26
ara,hrv,37
ara,hun,43
ara,ita,60
ara,jpn,25
ara,kor,25
ara,lit,29
ara,nor,40
ara,per,21
ara,pol,47
ara,por,38
ara,rum,30
ara,rus,46
ara,slo,28
ara,slv,40
ara,spa,53
ara,srp,40
ara,swe,39
ara,tur,40
ara,ukr,21
arm,baq,10
arm,bul,15
arm,cat,14
arm,chi,11
arm,cze,14
arm,dan,15
arm,dut,15
arm,eng,17
arm,fre,17
arm,ger,9
arm,gre,13
arm,heb,9
arm,hrv,12
arm,hun,17
arm,ita,17
arm,jpn,9
arm,kor,9
arm,lit,12
arm,nor,13
arm,per,10
arm,pol,16
arm,por,13
arm,rum,12
arm,rus,14
arm,slo,13
arm,slv,14
arm,spa,17
arm,srp,13
arm,swe,13
arm,tur,15
arm,ukr,12
baq,bul,29
baq,cat,30
baq,chi,21
baq,cze,31
baq,dan,32
baq,dut,35
baq,eng,36
baq,fre,36
baq,ger,27
baq,gre,28
baq,heb,25
baq,hrv,23
baq,hun,32
baq,ita,36
baq,jpn,21
baq,kor,16
baq,lit,21
baq,nor,28
baq,per,22
baq,pol,29
baq,por,31
baq,rum,28
baq,rus,29
baq,slo,22
baq,slv,31
baq,spa,38
baq,srp,33
baq,swe,30
baq,tur,29
baq,ukr,22
bul,chi,83
bul,heb,71
bul,hrv,100
bul,lit,94
bul,nor,104
bul,per,35
bul,rum,88
bul,slo,76
bul,srp,113
bul,ukr,41
cat,ger,43
cat,hrv,59
cat,ukr,34
chi,dan,79
chi,ger,42
chi,hrv,64
chi,slv,73
chi,swe,78
chi,ukr,28
cze,hrv,123
cze,ukr,50
dan,ger,48
dan,heb,76
dan,hrv,98
dan,kor,46
dan,lit,82
dan,nor,120
dan,per,32
dan,rum,74
dan,slo,68
dan,srp,96
dan,ukr,44
dut,hrv,132
dut,lit,123
dut,srp,140
dut,ukr,48
eng,hrv,139
eng,ukr,51
fre,hrv,151
fre,ukr,51
ger,hrv,43
ger,lit,43
ger,por,51
ger,rum,51
ger,slo,43
ger,srp,57
ger,swe,60
ger,tur,48
ger,ukr,29
gre,hrv,86
gre,per,33
gre,ukr,41
heb,hrv,59
heb,jpn,44
heb,lit,55
heb,por,67
heb,rum,54
heb,slo,44
heb,srp,69
heb,tur,76
heb,ukr,31
hrv,hun,110
hrv,ita,137
hrv,jpn,58
hrv,kor,40
hrv,lit,73
hrv,nor,82
hrv,per,30
hrv,pol,133
hrv,por,89
hrv,rum,68
hrv,rus,103
hrv,slo,65
hrv,slv,89
hrv,spa,143
hrv,srp,89
hrv,swe,93
hrv,tur,96
hrv,ukr,39
hun,per,36
hun,ukr,43
ita,ukr,53
jpn,per,25
jpn,ukr,34
kor,per,22
kor,ukr,25
lit,per,29
lit,slv,80
lit,swe,86
lit,ukr,39
nor,ukr,43
per,rum,31
per,slo,25
per,srp,34
per,swe,29
per,ukr,23
pol,ukr,47
por,ukr,45
rum,swe,79
rum,ukr,38
rus,ukr,44
slo,swe,71
slo,ukr,39
slv,srp,98
slv,ukr,41
spa,ukr,53
srp,swe,106
srp,ukr,41
swe,ukr,41
tur,ukr,40
est,hrv,77
est,lav,73
est,pol,118
est,rum,70
est,rus,108
est,slv,75
hrv,lav,59
lav,rum,60
fin,hrv,69
fin,ita,128
heb,lav,49
cat,est,58
est,hun,109
est,srp,80
cze,vie,26
dut,vie,26
fre,vie,27
hun,vie,24
jpn,vie,17
lav,vie,21
pol,vie,24
rus,vie,22
spa,vie,26
tur,vie,21
dut,gsw,3
chi,fin,67
dan,fin,100
fin,gre,82
fin,jpn,52
fin,pol,105
fin,por,94
fin,rus,90
fin,spa,132
fin,tur,86
chi,lav,64
bul,mac,41
bul,vie,22
cze,mac,46
dan,mac,42
dan,vie,22
dut,mac,50
fre,mac,55
ger,mac,24
ger,vie,15
ita,mac,53
ita,vie,25
mac,pol,50
mac,slo,28
mac,spa,52
mac,srp,45
mac,tur,46
mac,vie,12
slo,vie,17
srp,vie,20
est,swe,92
est,slo,63
est,gre,81
est,por,90
est,tur,85
baq,est,29
baq,fin,30
baq,geo,12
baq,glg,13
baq,ice,10
baq,mac,14
bul,fin,83
bul,geo,31
bul,glg,21
bul,ice,20
cat,geo,25
cat,ice,19
cat,mac,32
cze,geo,33
cze,ice,23
dan,est,89
dan,geo,32
dan,glg,22
dan,ice,22
dut,geo,33
dut,ice,24
eng,geo,40
eng,ice,24
eng,mac,49
est,fin,76
est,geo,30
est,ger,46
est,glg,20
est,heb,58
est,ice,18
est,kor,41
est,mac,35
est,nor,86
est,per,31
est,ukr,41
fin,geo,24
fin,ger,49
fin,glg,22
fin,ice,22
fin,lit,66
fin,mac,28
fin,per,30
fin,rum,67
fin,slo,61
fin,srp,80
fin,ukr,36
fre,geo,36
fre,ice,25
geo,ger,16
geo,glg,12
geo,gre,28
geo,heb,19
geo,hrv,27
geo,hun,31
geo,ice,8
geo,ita,34
geo,jpn,20
geo,kor,14
geo,lit,26
geo,mac,17
geo,nor,32
geo,per,13
geo,pol,32
geo,por,30
geo,rum,24
geo,rus,28
geo,slo,20
geo,slv,31
geo,spa,37
geo,srp,30
geo,swe,28
geo,tur,31
geo,ukr,18
ger,glg,17
ger,ice,13
glg,gre,23
glg,heb,16
glg,hrv,19
glg,hun,22
glg,ice,10
glg,jpn,20
glg,kor,12
glg,lit,16
glg,mac,12
glg,nor,22
glg,rum,19
glg,rus,21
glg,slo,18
glg,slv,22
glg,srp,22
glg,swe,23
glg,ukr,17
gre,ice,22
gre,mac,37
heb,ice,17
heb,mac,28
hrv,ice,16
hrv,mac,38
hun,ice,22
hun,mac,42
ice,ita,25
ice,jpn,13
ice,kor,12
ice,lit,17
ice,mac,15
ice,nor,21
ice,per,14
ice,pol,24
ice,por,22
ice,rum,15
ice,rus,20
ice,slo,18
ice,slv,21
ice,spa,23
ice,srp,19
ice,swe,21
ice,tur,22
ice,ukr,14
jpn,mac,27
kor,mac,26
lit,mac,35
mac,nor,41
mac,per,19
mac,por,39
mac,rum,27
mac,rus,46
mac,slv,40
mac,swe,41
mac,ukr,24
alb,ara,19
alb,bul,43
alb,hrv,31
alb,hun,38
alb,mac,19
alb,slv,35
alb,srp,36
ara,mac,20
lav,nor,61
lav,srp,66
cat,fry,3
eng,fry,4
fre,fry,4
fry,ger,4
fry,heb,2
fry,ita,3
fry,nor,3
fry,spa,4
fry,swe,3
fry,tur,4
alb,rum,32
alb,rus,38
ara,aze,11
ara,ben,1
ara,est,31
ara,fin,29
ara,glg,12
ara,hin,5
ara,ice,9
ara,kur,2
ara,may,3
ara,wel,2
aze,baq,10
aze,ben,1
aze,bul,14
aze,cat,13
aze,chi,9
aze,cze,16
aze,dan,13
aze,dut,16
aze,eng,16
aze,est,13
aze,fin,12
aze,fre,17
aze,ger,9
aze,glg,8
aze,gre,14
aze,heb,9
aze,hin,3
aze,hrv,13
aze,hun,15
aze,ice,6
aze,ita,17
aze,jpn,11
aze,kor,9
aze,kur,2
aze,may,3
aze,nor,13
aze,per,11
aze,pol,17
aze,por,15
aze,rus,15
aze,slv,14
aze,spa,17
aze,srp,14
aze,swe,12
aze,tur,15
aze,ukr,12
aze,wel,1
baq,ben,1
baq,hin,4
baq,kur,2
baq,may,3
baq,wel,2
ben,bul,1
ben,cat,1
ben,chi,1
ben,cze,1
ben,dan,1
ben,dut,1
ben,eng,1
ben,est,1
ben,fin,1
ben,fre,1
ben,ger,1
ben,glg,1
ben,gre,1
ben,heb,1
ben,hin,1
ben,hrv,1
ben,hun,1
ben,ice,1
ben,ita,1
ben,jpn,1
ben,kor,1
ben,kur,1
ben,may,1
ben,nor,1
ben,per,1
ben,pol,1
ben,por,1
ben,rus,1
ben,slv,1
ben,spa,1
ben,srp,1
ben,swe,1
ben,tur,1
ben,ukr,1
ben,wel,1
bul,hin,7
bul,kur,2
bul,may,3
bul,wel,2
cat,hin,7
cat,kur,2
cat,may,3
cat,wel,2
chi,est,66
chi,hin,5
chi,ice,19
chi,kur,2
chi,may,3
chi,wel,2
cze,hin,7
cze,kur,3
cze,may,3
cze,wel,2
dan,hin,7
dan,kur,2
dan,may,3
dan,wel,2
dut,hin,7
dut,kur,2
dut,may,3
dut,wel,2
eng,hin,7
eng,kur,3
eng,may,3
eng,wel,2
est,hin,6
est,kur,2
est,may,3
est,wel,2
fin,hin,6
fin,kur,2
fin,may,3
fin,wel,2
fre,hin,7
fre,kur,3
fre,may,3
fre,wel,2
ger,hin,7
ger,kur,3
ger,may,3
ger,wel,2
glg,hin,3
glg,kur,2
glg,may,3
glg,wel,1
gre,hin,7
gre,kur,2
gre,may,3
gre,wel,2
heb,hin,5
heb,kur,1
heb,may,2
heb,wel,2
hin,hrv,7
hin,hun,5
hin,ice,3
hin,ita,7
hin,jpn,5
hin,kor,6
hin,kur,2
hin,may,2
hin,nor,7
hin,per,4
hin,pol,6
hin,por,7
hin,rus,6
hin,slv,7
hin,spa,7
hin,srp,7
hin,swe,6
hin,tur,6
hin,ukr,5
hin,wel,1
hrv,kur,2
hrv,may,3
hrv,wel,2
hun,kur,2
hun,may,3
hun,wel,2
ice,kur,1
ice,may,1
ice,wel,1
ita,kur,2
ita,may,3
ita,wel,2
jpn,kur,2
jpn,may,3
jpn,wel,2
kor,kur,2
kor,may,3
kor,wel,2
kur,may,2
kur,nor,3
kur,per,2
kur,pol,3
kur,por,2
kur,rus,3
kur,slv,2
kur,spa,3
kur,srp,2
kur,swe,2
kur,tur,2
kur,ukr,2
kur,wel,1
may,nor,3
may,per,3
may,pol,3
may,por,3
may,rus,3
may,slv,3
may,spa,3
may,srp,3
may,swe,3
may,tur,3
may,ukr,3
may,wel,1
nor,wel,2
per,wel,2
pol,wel,2
por,wel,2
rus,wel,2
slv,wel,2
spa,wel,2
srp,wel,1
swe,wel,2
tur,wel,2
ukr,wel,2
lit,vie,19
kor,lav,32
cat,dsb,1
cat,lat,4
cat,ltz,1
cat,nds,3
cat,oci,2
cat,wln,1
cat,xxx,3
cat,yid,1
chi,dsb,1
chi,fry,3
chi,lat,5
chi,ltz,1
chi,nds,3
chi,oci,1
chi,wln,1
chi,xxx,3
chi,yid,1
dsb,eng,1
dsb,fre,1
dsb,fry,1
dsb,ger,1
dsb,gre,1
dsb,hun,1
dsb,lat,1
dsb,ltz,1
dsb,nds,1
dsb,oci,1
dsb,pol,1
dsb,rum,1
dsb,rus,1
dsb,slo,1
dsb,spa,1
dsb,srp,1
dsb,tur,1
dsb,wln,1
dsb,xxx,1
dsb,yid,1
eng,lat,6
eng,ltz,2
eng,nds,4
eng,oci,2
eng,wln,1
eng,xxx,4
eng,yid,1
fre,lat,5
fre,ltz,2
fre,nds,4
fre,oci,2
fre,wln,1
fre,xxx,3
fre,yid,1
fry,gre,3
fry,hun,3
fry,lat,2
fry,ltz,1
fry,nds,2
fry,oci,1
fry,pol,3
fry,rum,3
fry,rus,2
fry,slo,3
fry,srp,3
fry,wln,1
fry,xxx,1
fry,yid,1
ger,lat,4
ger,ltz,1
ger,nds,5
ger,oci,1
ger,wln,1
ger,xxx,4
ger,yid,1
gre,lat,5
gre,ltz,1
gre,nds,2
gre,oci,2
gre,wln,1
gre,xxx,2
gre,yid,1
hun,lat,5
hun,ltz,1
hun,nds,4
hun,oci,2
hun,wln,1
hun,xxx,4
hun,yid,1
lat,ltz,1
lat,nds,1
lat,oci,1
lat,pol,5
lat,rum,5
lat,rus,5
lat,slo,5
lat,spa,5
lat,srp,5
lat,tur,4
lat,wln,1
lat,xxx,1
lat,yid,1
ltz,nds,1
ltz,oci,1
ltz,pol,2
ltz,rum,1
ltz,rus,2
ltz,slo,1
ltz,spa,2
ltz,srp,2
ltz,tur,2
ltz,wln,1
ltz,xxx,1
ltz,yid,1
nds,oci,1
nds,pol,3
nds,rum,2
nds,rus,4
nds,slo,1
nds,spa,3
nds,srp,3
nds,tur,2
nds,wln,1
nds,xxx,2
nds,yid,1
oci,pol,2
oci,rum,2
oci,rus,2
oci,slo,2
oci,spa,2
oci,srp,2
oci,tur,2
oci,wln,1
oci,xxx,1
oci,yid,1
pol,wln,1
pol,xxx,4
pol,yid,1
rum,wln,1
rum,xxx,3
rum,yid,1
rus,wln,1
rus,xxx,4
rus,yid,1
slo,wln,1
slo,xxx,3
slo,yid,1
spa,wln,1
spa,xxx,3
spa,yid,1
srp,wln,1
srp,xxx,4
srp,yid,1
tur,wln,1
tur,xxx,3
tur,yid,1
wln,xxx,1
wln,yid,1
xxx,yid,1
bel,bul,19
bel,dut,23
bel,eng,24
bel,fre,27
bel,heb,14
bel,hrv,16
bel,ita,26
bel,mac,8
bel,nor,16
bel,pol,20
bel,rus,19
bel,slv,15
bel,spa,27
bel,tur,14
alb,aze,12
alb,bas,1
alb,bel,10
alb,dan,33
alb,est,32
alb,fin,33
alb,geo,17
alb,ger,27
alb,gre,39
alb,heb,29
alb,ice,13
alb,jpn,23
alb,kor,19
alb,lav,28
alb,lit,34
alb,nor,35
alb,slo,28
alb,swe,37
alb,ukr,22
alb,urd,3
alb,vie,13
ara,bas,1
ara,bel,9
ara,geo,16
ara,lav,19
ara,urd,3
ara,vie,9
aze,bas,1
aze,bel,7
aze,geo,9
aze,lav,11
aze,lit,12
aze,mac,8
aze,rum,13
aze,slo,12
aze,urd,3
aze,vie,6
bas,bel,1
bas,bul,1
bas,cat,1
bas,chi,1
bas,cze,1
bas,dan,1
bas,dut,1
bas,eng,1
bas,est,1
bas,fin,1
bas,fre,1
bas,geo,1
bas,ger,1
bas,glg,1
bas,gre,1
bas,heb,1
bas,hrv,1
bas,hun,1
bas,ice,1
bas,ita,1
bas,jpn,1
bas,kor,1
bas,lav,1
bas,lit,1
bas,mac,1
bas,nor,1
bas,per,1
bas,pol,1
bas,por,1
bas,rum,1
bas,rus,1
bas,slo,1
bas,slv,1
bas,spa,1
bas,srp,1
bas,swe,1
bas,tur,1
bas,ukr,1
bas,urd,1
bas,vie,1
bel,cat,15
bel,chi,14
bel,cze,22
bel,dan,17
bel,est,15
bel,fin,16
bel,geo,6
bel,ger,15
bel,glg,6
bel,gre,17
bel,hun,19
bel,ice,6
bel,jpn,9
bel,kor,12
bel,lav,9
bel,lit,13
bel,per,12
bel,por,17
bel,rum,18
bel,slo,14
bel,srp,16
bel,swe,17
bel,ukr,11
bel,urd,2
bel,vie,9
bul,urd,3
cat,urd,3
cat,vie,14
chi,geo,19
chi,mac,32
chi,urd,3
chi,vie,22
cze,urd,3
dan,urd,3
dut,urd,3
eng,urd,3
eng,vie,22
est,urd,3
est,vie,16
fin,lav,62
fin,urd,3
fin,vie,21
fre,urd,3
geo,lav,20
geo,urd,2
geo,vie,7
ger,lav,31
ger,urd,3
glg,lav,15
glg,urd,3
glg,vie,9
gre,urd,3
gre,vie,19
heb,urd,3
heb,vie,18
hrv,urd,3
hrv,vie,21
hun,urd,3
ice,lav,14
ice,urd,2
ice,vie,8
ita,urd,3
jpn,urd,3
kor,urd,3
kor,vie,13
lav,mac,28
lav,per,23
lav,ukr,30
lav,urd,3
lit,urd,3
mac,urd,2
nor,urd,3
nor,vie,21
per,urd,3
per,vie,13
pol,urd,3
por,urd,3
por,vie,21
rum,urd,3
rum,vie,20
rus,urd,3
slo,urd,3
slv,urd,3
slv,vie,16
spa,urd,3
srp,urd,3
swe,urd,3
swe,vie,19
tur,urd,3
ukr,urd,3
ukr,vie,14
urd,vie,3
alb,epo,7
alb,hin,6
bul,epo,13
cat,epo,11
cze,epo,13
dan,epo,11
dut,epo,16
eng,epo,15
epo,fre,16
epo,geo,4
epo,ger,13
epo,gre,11
epo,heb,10
epo,hin,2
epo,hrv,10
epo,ita,13
epo,jpn,11
epo,nor,13
epo,por,12
epo,slv,8
epo,spa,16
epo,srp,11
epo,swe,11
geo,hin,5
bul,fry,2
bul,mon,5
chi,mon,5
cze,fry,3
cze,mon,5
dan,fry,2
dan,mon,7
dut,fry,4
dut,mon,7
eng,mon,7
est,fry,2
est,mon,6
fin,fry,2
fin,mon,6
fre,mon,7
fry,lav,2
fry,lit,2
fry,mon,1
fry,per,2
fry,por,2
fry,ukr,2
gre,mon,6
hun,mon,6
ita,mon,8
lav,mon,5
lit,mon,5
mon,nor,6
mon,per,5
mon,pol,6
mon,por,7
mon,rum,6
mon,slo,5
mon,spa,7
mon,srp,6
mon,swe,6
mon,tur,6
mon,ukr,4
alb,baq,18
baq,lav,19
alb,fao,3
alb,ind,8
alb,roh,3
alb,wel,1
ara,fao,2
ara,ind,5
ara,roh,3
baq,fao,2
baq,ind,5
baq,roh,3
bul,fao,3
bul,ind,10
bul,roh,4
cat,fao,3
cat,ind,9
cat,roh,3
chi,fao,3
chi,ind,9
chi,roh,2
cze,fao,3
cze,ind,10
cze,roh,4
dan,fao,3
dan,ind,10
dan,roh,3
dut,fao,3
dut,ind,10
dut,roh,4
eng,fao,3
eng,ind,10
eng,roh,4
est,fao,3
est,ind,10
est,roh,5
fao,fin,3
fao,fre,3
fao,ger,2
fao,gre,3
fao,heb,3
fao,hrv,3
fao,hun,3
fao,ind,3
fao,ita,3
fao,jpn,3
fao,kor,3
fao,lav,3
fao,lit,3
fao,mac,3
fao,nor,3
fao,per,2
fao,pol,3
fao,por,3
fao,roh,1
fao,rum,3
fao,rus,3
fao,slo,3
fao,slv,3
fao,spa,3
fao,swe,3
fao,tur,3
fao,ukr,3
fao,wel,1
fin,ind,8
fin,roh,4
fre,ind,10
fre,roh,5
ger,ind,7
ger,roh,3
gre,ind,9
gre,roh,4
heb,ind,9
heb,roh,1
hrv,ind,9
hrv,roh,2
hun,ind,10
hun,roh,4
ind,ita,9
ind,jpn,7
ind,kor,9
ind,lav,9
ind,lit,8
ind,mac,6
ind,nor,8
ind,per,6
ind,pol,10
ind,por,10
ind,roh,1
ind,rum,10
ind,rus,9
ind,slo,10
ind,slv,9
ind,spa,10
ind,swe,9
ind,tur,8
ind,ukr,9
ind,wel,1
ita,roh,4
jpn,roh,2
kor,roh,3
lav,roh,3
lav,wel,1
lit,roh,3
lit,wel,1
mac,roh,3
mac,wel,1
nor,roh,3
per,roh,3
pol,roh,5
por,roh,3
roh,rum,2
roh,rus,3
roh,slo,3
roh,slv,4
roh,spa,4
roh,swe,2
roh,tur,3
roh,ukr,3
roh,wel,1
rum,wel,1
slo,wel,1
epo,pol,12
hin,lav,5
hin,rum,5
hin,slo,5
ara,bre,3
bre,bul,4
bre,cat,4
bre,dan,4
bre,dut,4
bre,eng,4
bre,est,4
bre,fre,4
bre,geo,1
bre,ger,4
bre,hrv,3
bre,hun,4
bre,ita,4
bre,jpn,2
bre,lav,3
bre,lit,3
bre,nor,4
bre,pol,4
bre,por,4
bre,rum,4
bre,rus,3
bre,slv,3
bre,spa,4
bre,swe,4
alb,arm,9
arm,est,14
arm,fin,11
arm,geo,8
cze,gle,2
eng,gle,2
fre,gle,2
ger,gle,2
gle,kur,1
gle,nor,2
gle,pol,2
gle,rus,2
gle,spa,2
alb,gle,1
alb,tha,3
ara,gle,1
ara,tha,2
arm,aze,6
arm,gle,1
arm,hin,3
arm,ice,5
arm,lav,10
arm,mac,9
arm,roh,2
arm,tha,3
aze,gle,1
aze,roh,2
aze,tha,2
baq,gle,1
baq,tha,2
bul,gle,1
bul,tha,4
cat,gle,1
cat,tha,4
chi,gle,1
chi,tha,4
cze,tha,4
dan,gle,1
dan,tha,4
dut,gle,1
dut,tha,4
eng,tha,4
est,gle,1
est,tha,4
fin,gle,1
fin,tha,4
fre,tha,4
geo,gle,1
geo,roh,2
geo,tha,3
ger,tha,2
gle,gre,1
gle,hin,1
gle,hrv,1
gle,hun,1
gle,ice,1
gle,ita,1
gle,kor,1
gle,lav,1
gle,lit,1
gle,mac,1
gle,per,1
gle,por,1
gle,roh,1
gle,rum,1
gle,slo,1
gle,slv,1
gle,srp,1
gle,tha,1
gle,tur,1
gle,ukr,1
gre,tha,4
hin,lit,4
hin,mac,4
hin,roh,1
hin,tha,2
hrv,tha,4
hun,tha,4
ice,roh,2
ice,tha,3
ita,tha,4
kor,tha,3
lav,tha,4
lit,tha,4
mac,tha,4
nor,tha,4
per,tha,3
pol,tha,4
por,tha,4
roh,srp,2
roh,tha,1
rum,tha,3
rus,tha,4
slo,tha,4
slv,tha,4
spa,tha,4
srp,tha,4
tha,tur,4
tha,ukr,3
ara,bos,7
bos,cze,16
bos,eng,17
bos,hun,13
bos,ita,16
bos,rus,13
bos,slv,14
bos,tur,12
alb,may,2
alb,xxx,1
ara,epo,4
ara,xxx,2
arm,bel,5
arm,epo,4
arm,glg,7
arm,ind,4
arm,may,2
arm,urd,1
arm,vie,6
arm,xxx,1
aze,epo,3
aze,ind,2
aze,xxx,1
baq,bel,8
baq,epo,7
baq,urd,2
baq,vie,8
baq,xxx,1
bel,epo,3
bel,ind,5
bel,may,2
bel,xxx,1
bul,xxx,2
chi,epo,8
cze,xxx,2
dan,xxx,1
dut,xxx,2
epo,est,11
epo,fin,10
epo,glg,6
epo,hun,11
epo,ind,3
epo,kor,6
epo,lav,9
epo,lit,9
epo,may,2
epo,per,7
epo,rum,10
epo,rus,12
epo,slo,8
epo,tur,9
epo,ukr,7
epo,urd,2
epo,vie,7
epo,xxx,1
est,xxx,3
fin,xxx,1
geo,ind,4
geo,may,2
geo,xxx,1
glg,ind,6
glg,xxx,1
heb,xxx,2
hrv,xxx,2
ind,may,1
ind,srp,8
ind,urd,2
ind,vie,6
ind,xxx,1
ita,xxx,2
jpn,xxx,2
kor,xxx,2
lav,may,2
lav,xxx,1
lit,may,2
lit,xxx,3
may,rum,2
may,slo,2
may,urd,1
may,vie,2
may,xxx,1
nor,xxx,2
per,xxx,2
por,xxx,2
slv,xxx,1
swe,xxx,1
ukr,xxx,1
urd,xxx,1
vie,xxx,1
dut,nds,6
ara,nds,1
est,nds,2
heb,nds,2
ita,nds,3
kor,nds,1
lit,nds,1
mac,nds,1
mac,xxx,1
nds,nor,2
nds,per,2
per,tir,1
alb,kur,1
alb,lat,4
alb,mal,1
ara,lat,2
ara,mal,1
arm,kur,1
arm,lat,3
arm,mal,1
aze,lat,2
aze,mal,1
baq,lat,2
baq,mal,1
bel,hin,2
bel,kur,1
bel,lat,3
bel,mal,1
bel,tha,1
bul,lat,4
bul,mal,1
cat,mal,1
chi,mal,1
cze,lat,4
cze,mal,1
dan,lat,5
dan,mal,1
dut,lat,4
dut,mal,1
eng,mal,1
epo,kur,1
epo,lat,2
epo,mac,5
epo,mal,1
epo,tha,2
est,lat,4
est,mal,1
fin,lat,5
fin,mal,1
fre,mal,1
geo,kur,1
geo,lat,2
geo,mal,1
ger,mal,1
glg,lat,3
glg,mal,1
glg,tha,2
gre,mal,1
hin,lat,2
hin,mal,1
hin,vie,3
hrv,lat,4
hrv,mal,1
hun,mal,1
ita,lat,4
ita,mal,1
jpn,lat,3
jpn,mal,1
jpn,tha,2
kor,lat,3
kor,mal,1
kur,lat,1
kur,lav,1
kur,lit,1
kur,mac,1
kur,mal,1
kur,rum,1
kur,slo,1
kur,tha,1
kur,vie,1
lat,lav,4
lat,lit,4
lat,mac,3
lat,mal,1
lat,may,1
lat,nor,4
lat,per,4
lat,por,4
lat,slv,4
lat,swe,4
lat,tha,2
lat,ukr,4
lat,vie,4
lav,mal,1
lit,mal,1
mac,mal,1
mac,may,1
mal,may,1
mal,nor,1
mal,per,1
mal,pol,1
mal,por,1
mal,rum,1
mal,rus,1
mal,slo,1
mal,slv,1
mal,spa,1
mal,srp,1
mal,swe,1
mal,tha,1
mal,tur,1
mal,ukr,1
mal,vie,1
may,tha,1
swe,tha,3
tha,vie,2
dan,mul,1
eng,mul,1
fin,mul,1
ger,mul,1
lat,mul,1
ara,ltz,1
dut,ltz,1
est,ltz,1
ita,ltz,1
ltz,swe,1
alb,bre,3
baq,bre,3
bel,bre,2
bre,chi,3
bre,cze,3
bre,fin,3
bre,gre,3
bre,heb,3
bre,ice,2
bre,mac,2
bre,per,3
bre,slo,3
bre,srp,3
bre,tur,3
hin,ind,2
alb,bos,7
alb,mon,4
ara,mon,2
aze,bos,3
aze,bre,1
aze,fao,1
aze,mon,1
baq,bos,5
baq,mon,3
bos,bre,1
bos,bul,15
bos,cat,11
bos,chi,10
bos,dan,12
bos,dut,14
bos,epo,1
bos,est,11
bos,fao,2
bos,fin,11
bos,fre,16
bos,ger,6
bos,glg,4
bos,gre,12
bos,heb,10
bos,hrv,12
bos,ice,5
bos,ind,3
bos,jpn,8
bos,kor,6
bos,lav,11
bos,lit,11
bos,mac,9
bos,mon,2
bos,nor,13
bos,per,5
bos,pol,12
bos,por,11
bos,rum,11
bos,slo,5
bos,spa,16
bos,srp,14
bos,swe,12
bos,ukr,5
bos,urd,1
bos,vie,4
bre,epo,1
bre,fao,1
bre,glg,1
bre,ind,1
bre,kor,2
bre,mon,2
bre,ukr,1
bre,urd,1
bre,vie,2
cat,mon,5
epo,fao,1
epo,ice,3
epo,mon,3
fao,glg,2
fao,ice,2
fao,mon,2
fao,srp,2
fao,urd,1
fao,vie,2
ger,mon,4
glg,mon,3
heb,mon,5
hrv,mon,5
ice,ind,4
ice,mon,3
ind,mon,3
jpn,mon,3
kor,mon,4
mac,mon,3
mon,rus,5
mon,slv,4
mon,urd,1
mon,vie,4
arm,bos,2
arm,fao,1
arm,mon,2
bel,bos,3
bel,fao,1
bel,mon,2
baq,nds,1
dan,nds,2
epo,nds,1
fin,nds,1
hrv,nds,1
mon,nds,1
nds,por,1
nds,slv,1
nds,swe,1
afr,bul,2
afr,chi,1
afr,cze,2
afr,dan,2
afr,dut,2
afr,est,1
afr,fin,2
afr,fre,2
afr,hrv,1
afr,hun,2
afr,ita,2
afr,jpn,1
afr,lav,1
afr,lit,1
afr,nor,2
afr,per,1
afr,pol,1
afr,por,3
afr,rus,2
afr,slo,1
afr,slv,1
afr,spa,1
afr,vie,1
arm,bnt,1
baq,bnt,1
bnt,bul,1
bnt,chi,1
bnt,dan,1
bnt,dut,1
bnt,eng,1
bnt,epo,1
bnt,est,1
bnt,fin,1
bnt,fre,1
bnt,ger,1
bnt,heb,1
bnt,hun,1
bnt,ita,1
bnt,lav,1
bnt,per,1
bnt,pol,1
bnt,spa,1
bul,mlt,1
chi,mlt,1
cze,mlt,1
dan,mlt,1
dut,mlt,1
eng,mlt,1
fin,mlt,1
fre,mlt,1
gre,mlt,1
hrv,mlt,1
hun,mlt,1
ita,mlt,1
jpn,mlt,1
kor,mlt,1
lav,mlt,1
lit,mlt,1
mlt,nor,1
mlt,pol,1
mlt,rus,1
mlt,slo,1
mlt,slv,1
mlt,spa,1
mlt,tur,1
bos,geo,6
alb,nno,1
ara,nno,1
arm,nno,1
aze,nno,1
baq,nno,1
bul,nno,1
cat,nno,1
cze,nno,1
dan,nno,1
dut,nno,1
eng,nno,1
est,nno,1
fre,nno,1
geo,nno,1
ger,nno,1
glg,nno,1
gre,nno,1
heb,nno,1
hrv,nno,1
hun,nno,1
ita,nno,1
jpn,nno,1
lav,nno,1
lit,nno,1
mac,nno,1
nno,nor,1
nno,per,1
nno,pol,1
nno,por,1
nno,rum,1
nno,rus,1
nno,slo,1
nno,slv,1
nno,spa,1
nno,srp,1
nno,swe,1
nno,tur,1
nno,ukr,1
epo,fry,1
heb,lat,3
alb,oci,1
aze,oci,1
baq,oci,1
bul,oci,1
cze,oci,1
dan,oci,1
dut,oci,1
est,oci,1
fin,oci,1
geo,oci,1
glg,oci,1
heb,oci,1
hrv,oci,1
ita,oci,1
jpn,oci,1
lav,oci,1
nor,oci,1
oci,por,1
oci,slv,1
oci,swe,1
oci,ukr,1
ara,gla,1
aze,gla,1
baq,gla,1
bel,gla,1
bul,gla,1
cat,gla,1
cze,gla,1
dut,gla,1
eng,gla,1
est,gla,1
fre,gla,1
ger,gla,1
gla,gre,1
gla,hrv,1
gla,hun,1
gla,ita,1
gla,kor,1
gla,lit,1
gla,per,1
gla,pol,1
gla,por,1
gla,rum,1
gla,rus,1
gla,slv,1
gla,spa,1
gla,srp,1
gla,tur,1
gla,ukr,1
heb,tha,2
ice,lat,2
ind,lat,2
ind,tha,1
lat,mon,1
mon,tha,1
afr,eng,2
afr,epo,1
afr,ger,2
afr,rum,1
afr,srp,1
bul,nds,1
glg,nds,1
afr,mon,1
alb,fry,1
alb,sin,1
ara,fry,1
ara,sin,1
arm,fry,1
arm,sin,1
baq,fry,1
baq,sin,1
bel,fry,1
bel,sin,1
bos,fry,1
bos,hin,1
bos,lat,1
bos,sin,1
bul,sin,1
cat,sin,1
chi,sin,1
cze,sin,1
dan,sin,1
dut,sin,1
eng,sin,1
est,sin,1
fin,sin,1
fre,sin,1
fry,geo,1
fry,glg,1
fry,hin,1
fry,hrv,1
fry,ice,1
fry,ind,1
fry,kor,1
fry,mac,1
fry,sin,1
fry,slv,1
fry,vie,1
geo,sin,1
ger,sin,1
glg,sin,1
gre,sin,1
heb,sin,1
hin,sin,1
hrv,sin,1
hun,sin,1
ice,sin,1
ind,sin,1
ita,sin,1
kor,sin,1
lat,sin,1
lav,sin,1
lit,sin,1
mac,sin,1
nor,sin,1
per,sin,1
pol,sin,1
por,sin,1
rum,sin,1
rus,sin,1
sin,slo,1
sin,slv,1
sin,spa,1
sin,srp,1
sin,swe,1
sin,tur,1
sin,ukr,1
sin,vie,1
bos,tha,1
bul,gsw,1
bel,roh,1
arm,swa,1
aze,swa,1
cze,swa,1
dut,swa,1
eng,swa,1
fre,swa,1
hrv,swa,1
hun,swa,1
ita,swa,1
lav,swa,1
pol,swa,1
por,swa,1
rum,swa,1
slo,swa,1
spa,swa,1
swa,tur,1
swa,vie,1
bul,kir,1
cze,kir,1
dut,kir,1
eng,kir,1
hun,kir,1
ita,kir,1
kir,nor,1
kir,por,1
kir,rus,1
kir,slv,1
kir,tur,1
